AdamDeller = adamdeller <adeller@swin.edu.au>
CherieDay = CherieDay <cday@swin.edu.au>
ChrisPhillips = XhrisPhillips <Chris.Phillips@csiro.au>
CormacReynolds = CormacReynolds <Cormac.Reynolds@csiro.au>
DavidGordon = DavidGordon <DavidGordon@mycompany.com>
FredericJaron = FredericJaron <FredericJaron@mycompany.com>
GeoffreyCrew = gbcrew <gbc@haystack.mit.edu>
HelgeRottmann = HelgeRottmann <rottmann@mpifr-bonn.mpg.de>
JamesAnderson = JamesAnderson <JamesAnderson@mycompany.com>
JanWagner = jwagnerhki <jan.wagner@iki.fi>
JimJacobs = JimNrao <jjacobs@nrao.edu>
JohnBarrett = jpbarrett <barrettj@mit.edu>
JohnMorgan = johnsmorgan <mojoh81@gmail.com>
JohnSpitzak = JohnSpitzak <JohnSpitzak@mycompany.com>
LeonidPetrov = LeonidPetrov <LeonidPetrov@mycompany.com>
MahmoudMahmoud = MahmoudMahmoud <MahmoudMahmoud@mycompany.com>
MarkWainright = MarkWainright <MarkWainright@mycompany.com>
MatthiasBark = MatthiasBark <MatthiasBark@mycompany.com>
MichaelDutka = MichaelDutka <MichaelDutka@mycompany.com>
NicolasPradel = npradel <septimussonh@gmail.com>
RandallWayth = rbw42 <R.Wayth@curtin.edu.au>
RichardDodson = RichardDodson <RichardDodson@mycompany.com>
RogerCappallo = RogerCappallo <RogerCappallo@mycompany.com>
TonyMaher = TonyMaher <TonyMaher@mycompany.com>
WalterAlef = WalterAlef <WalterAlef@mycompany.com>
WalterBrisken = wbrisken <wbrisken@aoc.nrao.edu>
ZhengMeyerZhao = ZhengMeyerZhao <ZhengMeyerZhao@mycompany.com>
